{
    "frame cap": {
        "start time": 1688043945693442600,
        "end time": 1688043945693442600,
        "time (ns)": 0,
        "time (sec)": 0.0
    },
    "preprocess": {
        "start time": 1688043945693442600,
        "end time": 1688043945875465700,
        "time (ns)": 182023100,
        "time (sec)": 0.1820231
    },
    "feat_ext": {
        "start time": 1688043945875465700,
        "end time": 1688043947050804800,
        "time (ns)": 1175339100,
        "time (sec)": 1.1753391
    },
    "bc_gen_time": {
        "start time": 1688043947050804800,
        "end time": 1688043947052793800,
        "time (ns)": 1989000,
        "time (sec)": 0.001989
    },
    "pred": {
        "start time": 1688043947052793800,
        "end time": 1688043947052793800,
        "time (ns)": 0,
        "time (sec)": 0.0
    },
    "total (sec)": 1.3593511999999999
}